,model_combo,convs.0_pctsame,convs.0_jaccard,convs.2_pctsame,convs.2_jaccard,convs.5_pctsame,convs.5_jaccard,convs.7_pctsame,convs.7_jaccard,convs.10_pctsame,convs.10_jaccard,convs.12_pctsame,convs.12_jaccard,linear.0_pctsame,linear.0_jaccard,linear.2_pctsame,linear.2_jaccard,linear.4_pctsame,linear.4_jaccard,total_same,total_weights,total_ones_same,percent_same_total,jaccard_total
0,"(0, 1)",0.7395833333333334,0.5867768595041323,0.5517578125,0.38098449089683073,0.5473904079861112,0.3768324338456367,0.5642225477430556,0.3929735397753573,0.5699598524305556,0.39856213365707455,0.5871175130208334,0.41554589177202433,0.5823154449462891,0.41075106790891663,0.556182861328125,0.38521696856967724,0.66875,0.5023474178403756,1308322,2261184,654161,0.5786004146500241,0.28930020732501205
0,"(0, 2)",0.7395833333333334,0.5867768595041323,0.5545247395833334,0.3836279698232181,0.5526529947916666,0.3818386280573517,0.5626491970486112,0.39144876525152633,0.5712958441840278,0.3998699393841582,0.5884467230902778,0.41687886154644427,0.5821380615234375,0.41057457410058007,0.554595947265625,0.38369613411312625,0.665625,0.49882903981264637,1309460,2261184,654730,0.5791036908097704,0.2895518454048852
0,"(0, 3)",0.7141203703703703,0.5553555355535553,0.5513780381944444,0.38062244859743083,0.5512424045138888,0.38049319377609675,0.5619981553819444,0.3908188000490469,0.5707939995659722,0.3993783956914755,0.5891147189670138,0.41754969513587303,0.5821037292480469,0.4105404191093187,0.55804443359375,0.387005291005291,0.67109375,0.5049970605526161,1309550,2261184,654775,0.5791434929665167,0.28957174648325834
0,"(0, 4)",0.7453703703703703,0.5940959409594095,0.5626627604166666,0.39146189559506284,0.5476616753472222,0.37708959823679933,0.5618353949652778,0.3906613978667019,0.5698784722222222,0.3984825493171472,0.5878567165798612,0.41628687646773505,0.5802383422851562,0.4086871476858096,0.55615234375,0.385187690226581,0.67265625,0.5067686874632137,1306644,2261184,653322,0.5778583255498004,0.2889291627749002
0,"(0, 5)",0.7222222222222222,0.5652173913043478,0.54248046875,0.37219430485762145,0.5504828559027778,0.3797698137924581,0.5635986328125,0.3923684881448118,0.56829833984375,0.3969390800187577,0.5879279242621528,0.41635829669313723,0.5810222625732422,0.40946538289381185,0.559814453125,0.3887099508391253,0.66328125,0.4962010520163647,1306942,2261184,653471,0.577990114913249,0.2889950574566245
0,"(0, 6)",0.7245370370370371,0.5680580762250453,0.5632595486111112,0.3920398761422853,0.5491536458333334,0.3785057213372223,0.5601128472222222,0.3889977392614921,0.5688815646701388,0.3975083757054784,0.5879787868923612,0.41640931555009103,0.5809326171875,0.4093763440860215,0.550506591796875,0.3797924079415542,0.6609375,0.4935822637106184,1306592,2261184,653296,0.5778353287481248,0.2889176643740624
0,"(0, 7)",0.7268518518518519,0.5709090909090909,0.5478515625,0.3772696704774714,0.5478244357638888,0.37724394298843705,0.564453125,0.39319727891156464,0.5694105360243056,0.39802511507520777,0.5878194173177084,0.416249468747974,0.5813655853271484,0.40980648665654706,0.555877685546875,0.3849242408233131,0.6671875,0.5005861664712778,1307454,2261184,653727,0.5782165449605162,0.2891082724802581
0,"(0, 8)",0.7592592592592593,0.6119402985074627,0.5502387152777778,0.37953745977097525,0.5469021267361112,0.3763697799018052,0.5633002387152778,0.3920793013924947,0.5691053602430556,0.3977269495815047,0.5888943142361112,0.4173282838962687,0.5823040008544922,0.4107396798788076,0.560791015625,0.38965224766751483,0.65390625,0.485780615206036,1309176,2261184,654588,0.5789780928929269,0.28948904644646345
0,"(0, 9)",0.7210648148148148,0.5638009049773756,0.5528971354166666,0.3820717579574851,0.5473361545138888,0.3767810124927639,0.56201171875,0.3908319185059423,0.5711737738715278,0.3997503429225066,0.5891927083333334,0.41762805722196583,0.581451416015625,0.4098917883957576,0.551849365234375,0.3810717973573852,0.6625,0.4953271028037383,1308378,2261184,654189,0.578625180436444,0.289312590218222
0,"(0, 10)",0.7592592592592593,0.6119402985074627,0.5556640625,0.38471940500338064,0.5506727430555556,0.3799505877068204,0.5598958333333334,0.3887884267631103,0.5714111328125,0.3999829103648637,0.5891452365451388,0.41758035752911715,0.5815963745117188,0.4100358769962294,0.54888916015625,0.378254468980021,0.66015625,0.49271137026239065,1308474,2261184,654237,0.5786676360703066,0.2893338180351533
0,"(0, 11)",0.7314814814814815,0.5766423357664233,0.5516493055555556,0.38088103086604735,0.5508897569444444,0.3801572444777237,0.5616319444444444,0.3904646952323476,0.5687459309895834,0.39737593995650256,0.5889824761284722,0.417416840091703,0.5825977325439453,0.4110320308641726,0.559326171875,0.38823928147771564,0.6640625,0.49707602339181284,1309412,2261184,654706,0.5790824629928392,0.2895412314964196
0,"(0, 12)",0.7222222222222222,0.5652173913043478,0.5557183159722222,0.38477142105856277,0.5455457899305556,0.37508625995486505,0.5599093967013888,0.38880150694607957,0.5697496202256944,0.3983565593008976,0.5884772406684028,0.4169094949252297,0.5819854736328125,0.4104227867988077,0.55523681640625,0.3843099150859702,0.68359375,0.5192878338278932,1308036,2261184,654018,0.5784739322408083,0.28923696612040417
0,"(0, 13)",0.7256944444444444,0.5694822888283378,0.5490451388888888,0.3784026323661382,0.5442708333333334,0.3738819320214669,0.5625271267361112,0.39133060330999603,0.5701565212673612,0.39875449987905465,0.58856201171875,0.4169945945945946,0.5811634063720703,0.4096055944582385,0.5548095703125,0.38390066728608835,0.6703125,0.5041128084606346,1307334,2261184,653667,0.578163475418188,0.289081737709094
0,"(0, 14)",0.7326388888888888,0.5780821917808219,0.5455729166666666,0.37511190689346463,0.5453830295138888,0.3749323984111296,0.5614691840277778,0.39030737318498965,0.5708279079861112,0.39941159722881275,0.5878872341579862,0.4163174842537742,0.5820884704589844,0.41052523964411874,0.564361572265625,0.3931084327104989,0.67421875,0.5085444902769594,1308550,2261184,654275,0.5787012467804478,0.2893506233902239
0,"(1, 2)",0.7418981481481481,0.5896964121435143,0.5640190972222222,0.3927761825600725,0.5410970052083334,0.3708930663245384,0.5638970269097222,0.3926577950718259,0.5681694878472222,0.39681336794043537,0.5878838433159722,0.41631408332332814,0.5824527740478516,0.41088773861246525,0.557769775390625,0.38674114983389407,0.66953125,0.5032295948326483,1308440,2261184,654220,0.5786525996999802,0.2893262998499901
0,"(1, 3)",0.7280092592592593,0.5723384895359418,0.5392795138888888,0.3691873421482692,0.546630859375,0.376112884260037,0.5598958333333334,0.3887884267631103,0.568603515625,0.3972369094320314,0.5887213812934028,0.4171546096496181,0.5820064544677734,0.4104436556157415,0.552154541015625,0.3813628986362583,0.6515625,0.4831981460023175,1307062,2261184,653531,0.5780431844555772,0.2890215922277886
0,"(1, 4)",0.7280092592592593,0.5723384895359418,0.5463324652777778,0.3758304097932373,0.5429416232638888,0.37262860015266325,0.5589057074652778,0.3878342384398912,0.5703464084201388,0.3989402830023101,0.5890570746527778,0.4174917809009286,0.5813655853271484,0.40980648665654706,0.5660400390625,0.39473908231888993,0.66796875,0.501466275659824,1307896,2261184,653948,0.5784120177747587,0.28920600888737935
0,"(1, 5)",0.7152777777777778,0.5567567567567567,0.5431857638888888,0.3728586325040965,0.5489637586805556,0.37832532575573463,0.5618625217013888,0.39068762908960586,0.5708075629340278,0.3993916761173562,0.5885993109809028,0.4170320416875881,0.5822544097900391,0.41069033387281434,0.566070556640625,0.3947687658288463,0.675,0.5094339622641509,1309456,2261184,654728,0.5791019218250262,0.2895509609125131
0,"(1, 6)",0.7199074074074074,0.5623869801084991,0.5636935763888888,0.3924605273098134,0.5518391927083334,0.38106209609440855,0.5613878038194444,0.39022872551053117,0.5689154730902778,0.3975414885651733,0.5890062120225694,0.4174406840350957,0.5822620391845703,0.410697925341348,0.5556640625,0.38471940500338064,0.678125,0.5130023640661938,1309378,2261184,654689,0.5790674266225128,0.2895337133112564
0,"(1, 7)",0.7210648148148148,0.5638009049773756,0.5394965277777778,0.36939078751857357,0.5439453125,0.3735747820254863,0.5643581814236112,0.3931051423280773,0.5701226128472222,0.3987213295137637,0.5876668294270834,0.41609645774211673,0.5823440551757812,0.41077953878858003,0.556793212890625,0.3858027954579095,0.67421875,0.5085444902769594,1308060,2261184,654030,0.578484546149274,0.289242273074637
0,"(1, 8)",0.7326388888888888,0.5780821917808219,0.5475802951388888,0.3770124388330656,0.5481770833333334,0.3775784753363229,0.5586480034722222,0.3875861030601874,0.5690375434027778,0.3976607078538795,0.5891282823350694,0.41756332270244156,0.5817584991455078,0.41019706361363534,0.56024169921875,0.3891220484123956,0.6625,0.4953271028037383,1307972,2261184,653986,0.5784456284849,0.28922281424245
0,"(1, 9)",0.7326388888888888,0.5780821917808219,0.5562608506944444,0.38529179662545565,0.5442708333333334,0.3738819320214669,0.5610894097222222,0.389940426815474,0.5710381401909722,0.3996174819300552,0.5876973470052084,0.41612705729823174,0.5820331573486328,0.41047021682137896,0.560882568359375,0.38974065356150733,0.65390625,0.485780615206036,1308418,2261184,654209,0.5786428702838867,0.28932143514194336
0,"(1, 10)",0.7523148148148148,0.6029684601113172,0.5464952256944444,0.3759844723974469,0.5477973090277778,0.37721821646056714,0.5616590711805556,0.3904909190351357,0.5701633029513888,0.3987611341409044,0.5865919325086806,0.4150195163027702,0.5819072723388672,0.41034500846683675,0.5628662109375,0.39165888048925507,0.66875,0.5023474178403756,1307562,2261184,653781,0.5782643075486117,0.28913215377430584
0,"(1, 11)",0.7534722222222222,0.6044568245125348,0.56884765625,0.39747526441487546,0.5482584635416666,0.3776556981893604,0.5624593098958334,0.3912649664581505,0.5687120225694444,0.39734283494115197,0.5882975260416666,0.41672911742664437,0.5812149047851562,0.40965675967800047,0.55596923828125,0.3850120461557969,0.671875,0.5058823529411764,1307948,2261184,653974,0.5784350145764343,0.28921750728821716
0,"(1, 12)",0.7280092592592593,0.5723384895359418,0.5330946180555556,0.3634144537317849,0.5472819010416666,0.3767295949806734,0.5627170138888888,0.39151441944738036,0.5704684787326388,0.3990597410729958,0.5887959798177084,0.41722952273169606,0.5820236206054688,0.4104607305616684,0.563507080078125,0.39227974761530454,0.68046875,0.5156897572528123,1308728,2261184,654364,0.578779966601568,0.289389983300784
0,"(1, 13)",0.7210648148148148,0.5638009049773756,0.5556098090277778,0.38466739285580137,0.5434841579861112,0.3731398878811018,0.5587293836805556,0.38766445201483124,0.56982421875,0.398429498122226,0.5871005588107638,0.4155289058056403,0.5814132690429688,0.40985387523731154,0.558837890625,0.38776893105200744,0.6703125,0.5041128084606346,1306516,2261184,653258,0.5778017180379836,0.2889008590189918
0,"(1, 14)",0.7372685185185185,0.5838680109990834,0.54931640625,0.3786603837091888,0.54443359375,0.37403555853740356,0.5624864366319444,0.39129122045572484,0.5679728190104166,0.39662153522667537,0.5880296495225694,0.4164603380826931,0.5824432373046875,0.4108782467357725,0.563018798828125,0.3918066557648608,0.67578125,0.5103244837758112,1308306,2261184,654153,0.5785933387110469,0.28929666935552345
0,"(2, 3)",0.7164351851851852,0.5581605049594229,0.5432400173611112,0.37290976127518527,0.5509168836805556,0.3801830809262622,0.5622694227430556,0.39108121621494135,0.5689019097222222,0.3975282432329972,0.5896436903211806,0.41808136445708544,0.5815448760986328,0.40998468425221096,0.560516357421875,0.38938709745807626,0.66484375,0.49795201872440026,1308584,2261184,654292,0.5787162831507741,0.28935814157538703
0,"(2, 4)",0.7442129629629629,0.5926267281105991,0.5498046875,0.37912457912457914,0.5486111111111112,0.37799043062200954,0.5643853081597222,0.3931314658226652,0.5713365342881944,0.39990980941304916,0.58807373046875,0.41650456058444646,0.5806007385253906,0.4090468089452198,0.55291748046875,0.3820911889999578,0.64453125,0.4755043227665706,1307268,2261184,653634,0.5781342871699074,0.2890671435849537
0,"(2, 5)",0.7361111111111112,0.5824175824175825,0.556640625,0.38565629228687415,0.5485297309027778,0.3779131702394079,0.5625813802083334,0.39138311725075015,0.5720621744791666,0.4006212065084205,0.5878465440538194,0.41627667416636854,0.5819530487060547,0.41039053620547034,0.559783935546875,0.38868052465408004,0.684375,0.5201900237529691,1309284,2261184,654642,0.5790258554810224,0.2895129277405112
0,"(2, 6)",0.71875,0.5609756097560976,0.5658637152777778,0.39456760233033217,0.5501030815972222,0.3794084080151172,0.5614827473958334,0.3903204819958702,0.5707058376736112,0.39929207906698677,0.5887925889756944,0.4172261174197827,0.582244873046875,0.41068084465204385,0.560394287109375,0.38926928539630723,0.6671875,0.5005861664712778,1310008,2261184,655004,0.5793460417197362,0.2896730208598681
0,"(2, 7)",0.7337962962962963,0.5795246800731262,0.548828125,0.3781965006729475,0.5489366319444444,0.3782995588125327,0.561279296875,0.39012387578482943,0.5680474175347222,0.3966942931565238,0.5871683756510416,0.4155968521171888,0.5805778503417969,0.40902408806400553,0.55328369140625,0.38244104121841116,0.65625,0.4883720930232558,1305306,2261184,652653,0.5772666001528403,0.28863330007642013
0,"(2, 8)",0.7395833333333334,0.5867768595041323,0.5521375868055556,0.3813467231236182,0.5433485243055556,0.37301203024321206,0.5624321831597222,0.3912387134513959,0.5706719292534722,0.39925888320056174,0.5888671875,0.41730103806228375,0.58123779296875,0.4096795009679501,0.56048583984375,0.38935764256942973,0.66640625,0.4997070884592853,1308162,2261184,654081,0.578529655260253,0.2892648276301265
0,"(2, 9)",0.7326388888888888,0.5780821917808219,0.5519205729166666,0.38113971001461167,0.5490993923611112,0.37845417492427924,0.5605061848958334,0.3893772790230941,0.5716756184895834,0.40024214799515706,0.5881178114149306,0.4165487858475771,0.58203125,0.41046831955922863,0.558563232421875,0.3875044989731755,0.64765625,0.47891392258809934,1308794,2261184,654397,0.5788091548498486,0.2894045774249243
0,"(2, 10)",0.7511574074074074,0.6014828544949027,0.55859375,0.3875338753387534,0.5497233072916666,0.37904719151562766,0.5643988715277778,0.39314462794301047,0.5692409939236112,0.3978594518755866,0.5882500542534722,0.41668147820781953,0.5825271606445312,0.41096177963410496,0.560455322265625,0.389328188929639,0.6703125,0.5041128084606346,1309754,2261184,654877,0.5792337111884747,0.28961685559423733
0,"(2, 11)",0.7407407407407407,0.5882352941176471,0.55126953125,0.3805190428041793,0.5472819010416666,0.3767295949806734,0.5628933376736112,0.39168514935585863,0.571044921875,0.3996241243806595,0.58905029296875,0.4174849677726349,0.5817222595214844,0.41016103046587754,0.5606689453125,0.38953439063692646,0.67109375,0.5049970605526161,1309240,2261184,654620,0.5790063966488354,0.2895031983244177
0,"(2, 12)",0.7199074074074074,0.5623869801084991,0.5526258680555556,0.3818127295899243,0.5528700086805556,0.3820458507507451,0.5648600260416666,0.39359228806351004,0.5720079210069444,0.40056799293333206,0.5895284016927084,0.41796545382424,0.5817718505859375,0.4102103394480607,0.560150146484375,0.38903372120133106,0.66796875,0.501466275659824,1310532,2261184,655266,0.5795777787212363,0.28978888936061814
0,"(2, 13)",0.7245370370370371,0.5680580762250453,0.5568576388888888,0.38586466165413535,0.5422092013888888,0.3719389653889096,0.5611029730902778,0.3899535287075702,0.5708957248263888,0.39947800503013337,0.5890943739149306,0.417529254277289,0.5816078186035156,0.41004725366639505,0.56640625,0.39509536784741145,0.66640625,0.4997070884592853,1309006,2261184,654503,0.5789029110412952,0.2894514555206476
0,"(2, 14)",0.7430555555555556,0.5911602209944752,0.5562608506944444,0.38529179662545565,0.5450846354166666,0.37465040832307867,0.5616455078125,0.3904778070100993,0.5698581271701388,0.3984626546473637,0.5892198350694444,0.41765531563058816,0.5823040008544922,0.4107396798788076,0.561370849609375,0.3902123416983093,0.67109375,0.5049970605526161,1309488,2261184,654744,0.5791160737029803,0.2895580368514902
0,"(3, 4)",0.7164351851851852,0.5581605049594229,0.5519205729166666,0.38113971001461167,0.5475802951388888,0.3770124388330656,0.5622965494791666,0.3911074632779554,0.5703870985243056,0.39898010009250257,0.5866224500868056,0.4150500693341522,0.5817584991455078,0.41019706361363534,0.56378173828125,0.3925460031447877,0.65546875,0.4875072632190587,1307732,2261184,653866,0.5783394894002434,0.2891697447001217
0,"(3, 5)",0.7048611111111112,0.5442359249329759,0.5539279513888888,0.3830569520522248,0.5458713107638888,0.37539408637253985,0.5595567491319444,0.38846150224574155,0.56976318359375,0.3983698203388384,0.588531494140625,0.41696395753605325,0.5816917419433594,0.4101306881907257,0.556793212890625,0.3858027954579095,0.6625,0.4953271028037383,1307688,2261184,653844,0.5783200305680564,0.2891600152840282
0,"(3, 6)",0.7372685185185185,0.5838680109990834,0.5525173611111112,0.38170914542728634,0.5484483506944444,0.37783591851990284,0.56494140625,0.3936713167744131,0.5694444444444444,0.39805825242718446,0.5889960394965278,0.4174304651039839,0.5822830200195312,0.4107188023011145,0.563629150390625,0.3923980708351924,0.675,0.5094339622641509,1309956,2261184,654978,0.5793230449180606,0.2896615224590303
0,"(3, 7)",0.7337962962962963,0.5795246800731262,0.5508897569444444,0.3801572444777237,0.5473361545138888,0.3767810124927639,0.5610894097222222,0.389940426815474,0.5703803168402778,0.3989734637534036,0.5872158474392362,0.41564441841654926,0.5807037353515625,0.40914906197925066,0.554779052734375,0.3838714445594104,0.65078125,0.4823393167342212,1306168,2261184,653084,0.5776478163652317,0.28882390818261583
0,"(3, 8)",0.7268518518518519,0.5709090909090909,0.5399848090277778,0.3698487607298131,0.5487196180555556,0.37809345794392524,0.5607367621527778,0.38959986429688825,0.5713094075520834,0.39988322914144936,0.588592529296875,0.41702523297801036,0.5822887420654297,0.4107244961246568,0.558990478515625,0.3879158813189606,0.6578125,0.490104772991851,1308846,2261184,654423,0.5788321516515241,0.28941607582576206
0,"(3, 9)",0.7233796296296297,0.5666364460562103,0.541015625,0.3708165997322624,0.5453287760416666,0.37488111888111886,0.5630967881944444,0.3918821974702662,0.5706515842013888,0.3992389664367118,0.586578369140625,0.41500593760120913,0.5814018249511719,0.4098425016873859,0.55401611328125,0.38314127727829134,0.63984375,0.4704192992533027,1306292,2261184,653146,0.5777026548923042,0.2888513274461521
0,"(3, 10)",0.7268518518518519,0.5709090909090909,0.5517578125,0.38098449089683073,0.5479329427083334,0.3773468587121,0.5635579427083334,0.3923290465129454,0.5688951280381944,0.3975216206610591,0.5894843207465278,0.41792114006029163,0.5823688507080078,0.4108042144805159,0.554718017578125,0.3838130028083363,0.640625,0.47126436781609193,1309212,2261184,654606,0.5789940137556254,0.2894970068778127
0,"(3, 11)",0.7256944444444444,0.5694822888283378,0.5553385416666666,0.38440739071653895,0.546875,0.3763440860215054,0.5594889322916666,0.3883961358115361,0.5689358181423612,0.3975613570342007,0.587432861328125,0.41586190507053816,0.5813541412353516,0.4097951138711902,0.55633544921875,0.3853633788525768,0.64921875,0.48062463851937537,1306530,2261184,653265,0.5778079094845886,0.2889039547422943
0,"(3, 12)",0.7013888888888888,0.5401069518716578,0.5359157986111112,0.3660416512265619,0.5427517361111112,0.37244973938942666,0.5614420572916666,0.39028115630480287,0.5703870985243056,0.39898010009250257,0.5886060926649306,0.41703885046259703,0.5810890197753906,0.4095316956976441,0.56500244140625,0.39373059418995365,0.64375,0.47465437788018433,1307152,2261184,653576,0.5780829866123235,0.28904149330616175
0,"(3, 13)",0.7118055555555556,0.5525606469002695,0.54931640625,0.3786603837091888,0.54296875,0.3726541554959786,0.56298828125,0.39177709819911655,0.5700751410590278,0.3986748936452756,0.5884908040364584,0.4169231101854321,0.5813732147216797,0.40981406861539,0.558013916015625,0.386975937017206,0.66015625,0.49271137026239065,1307630,2261184,653815,0.5782943802892644,0.2891471901446322
0,"(3, 14)",0.7395833333333334,0.5867768595041323,0.5571831597222222,0.3861773332330601,0.5478244357638888,0.37724394298843705,0.5614556206597222,0.39029426462130284,0.5703531901041666,0.39894691902661167,0.5883856879340278,0.4168175987624369,0.5816421508789062,0.4100813847784107,0.553924560546875,0.3830537089796349,0.6515625,0.4831981460023175,1308112,2261184,654056,0.5785075429509496,0.2892537714754748
0,"(4, 5)",0.7199074074074074,0.5623869801084991,0.5502387152777778,0.37953745977097525,0.5478786892361112,0.3772953989277241,0.5610215928819444,0.38987492105982485,0.5695054796006944,0.3981179036195985,0.58740234375,0.4158313169720014,0.5800151824951172,0.4084657633975884,0.556427001953125,0.3854512398790774,0.65703125,0.48923792902850494,1305404,2261184,652702,0.577309940279075,0.2886549701395375
0,"(4, 6)",0.7280092592592593,0.5723384895359418,0.5546875,0.3837837837837838,0.5473090277777778,0.37675530325664774,0.5669894748263888,0.3956631614814534,0.5697360568576388,0.39834329851446887,0.5887179904513888,0.41715120469769634,0.5808391571044922,0.40928352836977133,0.55517578125,0.38425143629604597,0.66015625,0.49271137026239065,1308054,2261184,654027,0.5784818926721575,0.2892409463360788
0,"(4, 7)",0.7523148148148148,0.6029684601113172,0.5616861979166666,0.39051714382709063,0.5516493055555556,0.38088103086604735,0.5602891710069444,0.38916785212959387,0.5690578884548612,0.39768057971289233,0.5866021050347222,0.4150297004999664,0.5804443359375,0.40889156419296585,0.552154541015625,0.3813628986362583,0.6546875,0.48664343786295006,1305612,2261184,652806,0.5774019274857773,0.28870096374288867
0,"(4, 8)",0.7222222222222222,0.5652173913043478,0.556640625,0.38565629228687415,0.5490180121527778,0.3783768625324833,0.5616590711805556,0.3904909190351357,0.5693901909722222,0.39800523341802874,0.588348388671875,0.4167801630023564,0.5805301666259766,0.40897675524817556,0.5523681640625,0.38156674255839446,0.64375,0.47465437788018433,1306586,2261184,653293,0.5778326752710085,0.28891633763550423
0,"(4, 9)",0.7106481481481481,0.5511669658886894,0.5564236111111112,0.38544798556825016,0.5463324652777778,0.3758304097932373,0.5612114800347222,0.39005835273711104,0.5709499782986112,0.3995311358092653,0.5888264973958334,0.4172601712753381,0.5802631378173828,0.4087117502361117,0.552154541015625,0.3813628986362583,0.65703125,0.48923792902850494,1306776,2261184,653388,0.5779167020463616,0.2889583510231808
0,"(4, 10)",0.7476851851851852,0.5970425138632163,0.5503472222222222,0.37964071856287424,0.5528428819444444,0.3820199445152583,0.5609537760416666,0.389809421478256,0.5696004231770834,0.3982107044817728,0.5889960394965278,0.4174304651039839,0.5805244445800781,0.40897107552397566,0.554107666015625,0.3832288566664556,0.6625,0.4953271028037383,1307176,2261184,653588,0.5780936005207891,0.28904680026039453
0,"(4, 11)",0.7175925925925926,0.5595667870036101,0.5389539930555556,0.3688822874118084,0.5475531684027778,0.37698672095325253,0.5617947048611112,0.3906220528876985,0.5674370659722222,0.3960992236318879,0.5881381564670138,0.4165691984389072,0.5804424285888672,0.40888967117541386,0.56787109375,0.39652233208319126,0.65546875,0.4875072632190587,1306092,2261184,653046,0.5776142056550905,0.28880710282754524
0,"(4, 12)",0.7314814814814815,0.5766423357664233,0.5658637152777778,0.39456760233033217,0.5481228298611112,0.3775269982437129,0.5631374782986112,0.3919216137893276,0.5705837673611112,0.3991725813185562,0.589996337890625,0.4184360322922754,0.5812282562255859,0.4096700253413009,0.561553955078125,0.3903893073087939,0.6515625,0.4831981460023175,1309772,2261184,654886,0.579241671619824,0.289620835809912
0,"(4, 13)",0.7314814814814815,0.5766423357664233,0.5597330729166666,0.38863148378347834,0.5468478732638888,0.3763183931004872,0.5582546657986112,0.3872075411347451,0.5680406358506944,0.3966876784860124,0.5863444010416666,0.4147717460134707,0.5807647705078125,0.4092096633731494,0.558441162109375,0.38738700594872666,0.65546875,0.4875072632190587,1305148,2261184,652574,0.5771967252554414,0.2885983626277207
0,"(4, 14)",0.7650462962962963,0.619493908153702,0.5627170138888888,0.39151441944738036,0.5442437065972222,0.3738563309419547,0.5644802517361112,0.3932236058882443,0.57080078125,0.3993850358729074,0.5885179307725694,0.4169503414908363,0.5811138153076172,0.4095563277569044,0.557159423828125,0.3861545294951247,0.66640625,0.4997070884592853,1308448,2261184,654224,0.5786561376694688,0.2893280688347344
0,"(5, 6)",0.7337962962962963,0.5795246800731262,0.55322265625,0.3823827202159973,0.5410698784722222,0.37086757651258784,0.559814453125,0.3887099508391253,0.5711127387152778,0.39969055235455486,0.5877346462673612,0.4161644585516238,0.5817050933837891,0.4101439627754356,0.554168701171875,0.38328724908710976,0.6578125,0.490104772991851,1307154,2261184,653577,0.5780838711046956,0.2890419355523478
0,"(5, 7)",0.7164351851851852,0.5581605049594229,0.5568033854166666,0.3858125634374648,0.5425075954861112,0.37221984403208697,0.5596110026041666,0.3885137998248538,0.5675523546006944,0.39621158680636104,0.5881415473090278,0.41657260059465767,0.5808506011962891,0.40929489290269516,0.55975341796875,0.3886510997160656,0.67578125,0.5103244837758112,1306038,2261184,653019,0.5775903243610427,0.28879516218052137
0,"(5, 8)",0.7268518518518519,0.5709090909090909,0.5466579861111112,0.37613856950873525,0.5482313368055556,0.377629956276393,0.5616726345486112,0.3905040313074638,0.5728556315104166,0.4013999173164925,0.588226318359375,0.4166576597998314,0.5813064575195312,0.40974772924049885,0.564056396484375,0.39281236052961555,0.6890625,0.5256257449344458,1308816,2261184,654408,0.5788188842659421,0.28940944213297104
0,"(5, 9)",0.7280092592592593,0.5723384895359418,0.5525716145833334,0.3817609355673001,0.5434841579861112,0.3731398878811018,0.5600179036458334,0.38890615728051087,0.5692477756076388,0.39786607764974663,0.58734130859375,0.4157701447396846,0.5804023742675781,0.4088499189818858,0.558319091796875,0.38726953282106646,0.659375,0.49184149184149184,1305456,2261184,652728,0.5773329370807506,0.2886664685403753
0,"(5, 10)",0.7430555555555556,0.5911602209944752,0.5468207465277778,0.376292701138697,0.5457356770833334,0.3752658086177952,0.5603162977430556,0.3891940270384851,0.5683729383680556,0.3970118710386448,0.587890625,0.41632088520055327,0.5820598602294922,0.4104967790274264,0.555755615234375,0.38480718436344424,0.66015625,0.49271137026239065,1307118,2261184,653559,0.5780679502419971,0.28903397512099854
0,"(5, 11)",0.7199074074074074,0.5623869801084991,0.54931640625,0.3786603837091888,0.5436469184027778,0.37329334848287293,0.5607503255208334,0.38961295976930255,0.5689222547743056,0.3975481113254131,0.5869038899739584,0.41533189838244083,0.5809955596923828,0.40943885951930664,0.552398681640625,0.3815958680299357,0.6578125,0.490104772991851,1305318,2261184,652659,0.5772719071070731,0.28863595355353655
0,"(5, 12)",0.7233796296296297,0.5666364460562103,0.5468207465277778,0.376292701138697,0.5444878472222222,0.37408677501118237,0.5591362847222222,0.38805632954288727,0.5696139865451388,0.3982239627534741,0.5878533257378472,0.41628347568428103,0.5813579559326172,0.40979890477925507,0.5643310546875,0.3930788198282459,0.66953125,0.5032295948326483,1307012,2261184,653506,0.5780210721462739,0.2890105360731369
0,"(5, 13)",0.7314814814814815,0.5766423357664233,0.5477430555555556,0.3771667662881052,0.5412055121527778,0.37099503505215986,0.5614963107638888,0.3903335910539516,0.5702311197916666,0.3988274802208435,0.5881788465711806,0.41661002538650166,0.5812435150146484,0.40968518640508605,0.55523681640625,0.3843099150859702,0.675,0.5094339622641509,1306838,2261184,653419,0.5779441213098978,0.2889720606549489
0,"(5, 14)",0.7407407407407407,0.5882352941176471,0.5608181423611112,0.3896784408338674,0.5442437065972222,0.3738563309419547,0.5623779296875,0.3911862104101214,0.5699666341145834,0.39856876609426795,0.5882331000434028,0.41666446497753074,0.5815219879150391,0.40996193311469414,0.554901123046875,0.38398834287162376,0.66640625,0.4997070884592853,1307892,2261184,653946,0.5784102487900145,0.28920512439500723
0,"(6, 7)",0.7476851851851852,0.5970425138632163,0.5658094618055556,0.394514847739739,0.5495062934027778,0.3788408670120252,0.5630696614583334,0.3918559211644107,0.5693495008680556,0.39796547180007397,0.58782958984375,0.4162596706573886,0.581787109375,0.4102255121363402,0.55426025390625,0.3833748469624689,0.6671875,0.5005861664712778,1308396,2261184,654198,0.5786331408677932,0.2893165704338966
0,"(6, 8)",0.7395833333333334,0.5867768595041323,0.5686848958333334,0.3973163520582215,0.549072265625,0.3784284031633855,0.5586615668402778,0.38759916060489147,0.5711669921875,0.3997436992738146,0.5887247721354166,0.41715801461790186,0.5814456939697266,0.40988610129199937,0.55609130859375,0.38512913725324427,0.66953125,0.5032295948326483,1308638,2261184,654319,0.5787401644448218,0.2893700822224109
0,"(6, 9)",0.7199074074074074,0.5623869801084991,0.5593532986111112,0.38826542140543796,0.5486111111111112,0.37799043062200954,0.5608181423611112,0.3896784408338674,0.5709160698784722,0.39949792859956246,0.5883619520399306,0.41679377577712706,0.5811290740966797,0.4095714863751299,0.562408447265625,0.3912157428832233,0.66640625,0.4997070884592853,1308330,2261184,654165,0.5786039526195126,0.2893019763097563
0,"(6, 10)",0.7372685185185185,0.5838680109990834,0.5678168402777778,0.396469429502235,0.5472819010416666,0.3767295949806734,0.5628933376736112,0.39168514935585863,0.5717841254340278,0.4003485296701314,0.5876702202690972,0.416099857627493,0.5820636749267578,0.4105005737099597,0.56146240234375,0.39030081887224743,0.675,0.5094339622641509,1309668,2261184,654834,0.5791956780164728,0.2895978390082364
0,"(6, 11)",0.7442129629629629,0.5926267281105991,0.5705295138888888,0.3991194777592227,0.5439724392361112,0.3736003726129483,0.5588107638888888,0.3877428098177985,0.5704277886284722,0.39901991944933324,0.5884568956163194,0.41688907252552965,0.5817756652832031,0.4102141325895223,0.55413818359375,0.3832580522605429,0.65234375,0.48405797101449277,1308158,2261184,654079,0.5785278862755088,0.2892639431377544
0,"(6, 12)",0.7106481481481481,0.5511669658886894,0.5584852430555556,0.3874294316898758,0.5447591145833334,0.3743429146627894,0.5619845920138888,0.39080568183961817,0.5705362955729166,0.3991261154836965,0.588348388671875,0.4167801630023564,0.5817584991455078,0.41019706361363534,0.55596923828125,0.3850120461557969,0.65234375,0.48405797101449277,1308252,2261184,654126,0.5785694574169993,0.28928472870849964
0,"(6, 13)",0.7268518518518519,0.5709090909090909,0.55615234375,0.385187690226581,0.5478515625,0.3772696704774714,0.5651041666666666,0.3938294010889292,0.5681084526909722,0.39675382801066583,0.5876091851128472,0.41603866218840857,0.581695556640625,0.4101344809037117,0.55035400390625,0.37964717275062104,0.65234375,0.48405797101449277,1307296,2261184,653648,0.5781466700631174,0.2890733350315587
0,"(6, 14)",0.7222222222222222,0.5652173913043478,0.5578884548611112,0.386855272563109,0.5455457899305556,0.37508625995486505,0.5638156467013888,0.39257888126021134,0.5719807942708334,0.4005413876620601,0.5888637966579862,0.41729763240668877,0.5815067291259766,0.4099467660975744,0.556732177734375,0.3857441904721629,0.6625,0.4953271028037383,1309120,2261184,654560,0.578953327106507,0.2894766635532535
0,"(7, 8)",0.7326388888888888,0.5780821917808219,0.5549587673611112,0.38404355171766474,0.5463053385416666,0.3758047360465767,0.5598415798611112,0.3887361084950085,0.5691799587673612,0.3977998227345331,0.5874701605902778,0.4158992923192149,0.5812721252441406,0.40971361427868497,0.562835693359375,0.39162932919966875,0.66875,0.5023474178403756,1307022,2261184,653511,0.5780254946081345,0.28901274730406723
0,"(7, 9)",0.7314814814814815,0.5766423357664233,0.5702582465277778,0.398854020415133,0.5459798177083334,0.3754967258073543,0.5587022569444444,0.38763833471354364,0.56988525390625,0.3984891809995305,0.588226318359375,0.4166576597998314,0.5809383392333984,0.4093820270780662,0.55474853515625,0.3838422230668525,0.64296875,0.47380541162924583,1307100,2261184,653550,0.5780599898106479,0.28902999490532394
0,"(7, 10)",0.7303240740740741,0.5752051048313582,0.5726996527777778,0.40124676904363693,0.5536838107638888,0.3828234896937187,0.5641276041666666,0.39288143278168214,0.5706380208333334,0.3992256889091323,0.5874565972222222,0.41588569672760795,0.5812587738037109,0.40970034779499054,0.560577392578125,0.38944601098225456,0.66328125,0.4962010520163647,1309094,2261184,654547,0.5789418287056692,0.2894709143528346
0,"(7, 11)",0.7395833333333334,0.5867768595041323,0.5531141493055556,0.382279050583074,0.54345703125,0.37311431444854176,0.5623779296875,0.3911862104101214,0.5685763888888888,0.39721043056397815,0.5875617133246528,0.41599106939226255,0.5812225341796875,0.409664340026457,0.555816650390625,0.3848657101198149,0.65859375,0.49097262667443214,1306468,2261184,653234,0.5777804902210524,0.2888902451105262
0,"(7, 12)",0.7418981481481481,0.5896964121435143,0.5509982638888888,0.3802605960760821,0.5479329427083334,0.3773468587121,0.5618489583333334,0.390674513354459,0.5706448025173612,0.39923232764142397,0.588958740234375,0.4173929969504942,0.5806140899658203,0.40906006313099075,0.558258056640625,0.38721080371695277,0.65546875,0.4875072632190587,1307594,2261184,653797,0.5782784594265659,0.28913922971328293
0,"(7, 13)",0.75,0.6,0.5519748263888888,0.3811914574747096,0.5453830295138888,0.3749323984111296,0.5605197482638888,0.3893903703005748,0.5694512261284722,0.3980648800860896,0.5874871148003472,0.41591628717589246,0.5815181732177734,0.40995814132982294,0.554962158203125,0.38404679943401404,0.6546875,0.48664343786295006,1306770,2261184,653385,0.5779140485692451,0.28895702428462255
0,"(7, 14)",0.7453703703703703,0.5940959409594095,0.5689019097222222,0.3975282432329972,0.5436469184027778,0.37329334848287293,0.5606825086805556,0.3895474848753275,0.5684000651041666,0.3970383423812637,0.5883076985677084,0.41673932624752297,0.5825119018554688,0.41094659109869586,0.553070068359375,0.3822369392360745,0.65625,0.4883720930232558,1308378,2261184,654189,0.578625180436444,0.289312590218222
0,"(8, 9)",0.7303240740740741,0.5752051048313582,0.5531684027777778,0.3823308834558272,0.5489908854166666,0.3783510936623668,0.5593397352430556,0.38825235131852714,0.5694580078125,0.39807150780783346,0.5887620713975694,0.4171954703489504,0.5811653137207031,0.4096074894001436,0.560455322265625,0.389328188929639,0.66640625,0.4997070884592853,1307646,2261184,653823,0.5783014562282415,0.28915072811412074
0,"(8, 10)",0.7569444444444444,0.6089385474860335,0.5659722222222222,0.3946731234866828,0.5450575086805556,0.374624778596066,0.5594889322916666,0.3883961358115361,0.56915283203125,0.39777332252698033,0.5901319715711806,0.41857249024139764,0.5813617706298828,0.4098026957077073,0.5604248046875,0.3892987365386246,0.66015625,0.49271137026239065,1308802,2261184,654401,0.5788126928193371,0.28940634640966856
0,"(8, 11)",0.7465277777777778,0.5955678670360111,0.5486653645833334,0.37804194235729505,0.5498318142361112,0.3791503769243719,0.5625949435763888,0.39139624635534126,0.5696818033854166,0.39829025788373185,0.5882941351996528,0.4167257145190462,0.5818386077880859,0.41027672236979257,0.561004638671875,0.3898585455856467,0.6671875,0.5005861664712778,1308584,2261184,654292,0.5787162831507741,0.28935814157538703
0,"(8, 12)",0.7222222222222222,0.5652173913043478,0.5362955729166666,0.36639608584454575,0.5407443576388888,0.3705617726884039,0.5616048177083334,0.3904384724186704,0.5710652669270834,0.399644052110771,0.5881212022569444,0.4165521879052788,0.5819454193115234,0.4103829480449084,0.563568115234375,0.39233890671142363,0.6765625,0.5112160566706021,1307880,2261184,653940,0.5784049418357816,0.2892024709178908
0,"(8, 13)",0.7569444444444444,0.6089385474860335,0.5591362847222222,0.38805632954288727,0.5442165798611112,0.3738307308165319,0.5635443793402778,0.39231589979888015,0.5703057183159722,0.39890046817856245,0.5887010362413194,0.41713418018351356,0.5812931060791016,0.4097344621147039,0.56060791015625,0.3894754696179451,0.665625,0.49882903981264637,1308536,2261184,654268,0.5786950553338428,0.2893475276669214
0,"(8, 14)",0.7407407407407407,0.5882352941176471,0.5543077256944444,0.3834202724509326,0.5469563802083334,0.37642117054046487,0.5631917317708334,0.3919741723542239,0.5701565212673612,0.39875449987905465,0.5889248318142362,0.4173589367116592,0.5820465087890625,0.4104834977993479,0.560546875,0.3894165535956581,0.67578125,0.5103244837758112,1309380,2261184,654690,0.579068311114885,0.2895341555574425
0,"(9, 10)",0.7222222222222222,0.5652173913043478,0.5490451388888888,0.3784026323661382,0.5464680989583334,0.3759587929007334,0.563720703125,0.3924868264490906,0.5733574761284722,0.40189288243878557,0.5877244737413194,0.41615425801386324,0.5818328857421875,0.4102710321601876,0.562103271484375,0.3909204745633211,0.6578125,0.490104772991851,1309264,2261184,654632,0.5790170105573009,0.28950850527865046
0,"(9, 11)",0.7546296296296297,0.6059479553903345,0.5685221354166666,0.3971574758385446,0.5452202690972222,0.3747785712953812,0.5621744791666666,0.3909893592936382,0.5712009006076388,0.39977691814794597,0.587738037109375,0.4161678587635326,0.5814323425292969,0.4098728315616521,0.55810546875,0.3870640027091094,0.65859375,0.49097262667443214,1308410,2261184,654205,0.5786393323143981,0.28931966615719906
0,"(9, 12)",0.7384259259259259,0.5853211009174312,0.5627712673611112,0.3915669472651089,0.5445692274305556,0.3741636068812555,0.5626763237847222,0.3914750261864095,0.5726860894097222,0.40123345338439464,0.5888468424479166,0.41728060437421605,0.5803298950195312,0.408777992143122,0.553802490234375,0.38293696849479836,0.6421875,0.47295742232451093,1307808,2261184,653904,0.5783731001103847,0.28918655005519234
0,"(9, 13)",0.7453703703703703,0.5940959409594095,0.5807291666666666,0.4091743119266055,0.5519205729166666,0.38113971001461167,0.5645751953125,0.3933157581426992,0.5711873372395834,0.39976363040909024,0.5873616536458334,0.4157905348964484,0.5813312530517578,0.4097723688509272,0.557342529296875,0.3863304634780953,0.65625,0.4883720930232558,1309304,2261184,654652,0.5790347004047437,0.28951735020237185
0,"(9, 14)",0.7453703703703703,0.5940959409594095,0.5617947048611112,0.3906220528876985,0.5441623263888888,0.37377953342774095,0.5633951822916666,0.3921713023282162,0.5697767469618056,0.39838308162829844,0.5873074001736112,0.4157361624501944,0.5807552337646484,0.4092001940617638,0.555938720703125,0.38498277647456625,0.65234375,0.48405797101449277,1306706,2261184,653353,0.5778857448133368,0.2889428724066684
0,"(10, 11)",0.7407407407407407,0.5882352941176471,0.5534939236111112,0.3826419623434101,0.5497504340277778,0.3790729864202611,0.5608588324652778,0.38971773243485225,0.5690443250868056,0.3976673317440984,0.5888841417100694,0.4173180665857673,0.5815696716308594,0.41000933214642055,0.555908203125,0.3849535080304311,0.6734375,0.5076560659599529,1308050,2261184,654025,0.5784801236874133,0.28924006184370665
0,"(10, 12)",0.7349537037037037,0.5809698078682525,0.5530056423611112,0.3821753964980691,0.54736328125,0.3768067226890756,0.5628933376736112,0.39168514935585863,0.5716281467013888,0.40019561109475743,0.5881415473090278,0.41657260059465767,0.5812511444091797,0.4096927670592727,0.557098388671875,0.3860958947568791,0.65546875,0.4875072632190587,1308168,2261184,654084,0.5785323087373695,0.28926615436868475
0,"(10, 13)",0.7407407407407407,0.5882352941176471,0.5547960069444444,0.38388767925519934,0.5437282986111112,0.37337009164741825,0.5624593098958334,0.3912649664581505,0.5705159505208334,0.3991062024992172,0.5878431532118056,0.41627327343190973,0.581207275390625,0.4096491794110688,0.550018310546875,0.37932776292804077,0.65234375,0.48405797101449277,1306890,2261184,653445,0.5779671181115734,0.2889835590557867
0,"(10, 14)",0.7546296296296297,0.6059479553903345,0.572265625,0.4008207934336525,0.5517578125,0.38098449089683073,0.5636935763888888,0.3924605273098134,0.5706380208333334,0.3992256889091323,0.5875481499565972,0.41597747203810354,0.5816555023193359,0.41009465843487475,0.557281494140625,0.3862718138551031,0.65859375,0.49097262667443214,1309156,2261184,654578,0.5789692479692055,0.28948462398460273
0,"(11, 12)",0.7268518518518519,0.5709090909090909,0.5545789930555556,0.3836799039111178,0.5402560763888888,0.37010332267895635,0.560546875,0.3894165535956581,0.5706515842013888,0.3992389664367118,0.5899759928385416,0.41841556586418105,0.5822772979736328,0.4107131085235337,0.559722900390625,0.38862167602500264,0.65078125,0.4823393167342212,1309372,2261184,654686,0.5790647731453964,0.2895323865726982
0,"(11, 13)",0.7337962962962963,0.5795246800731262,0.5511610243055556,0.3804156524995319,0.5435926649305556,0.37324219113784946,0.5593668619791666,0.388278491738455,0.5669080946180556,0.395583906718784,0.5871955023871528,0.41562403246826496,0.5818004608154297,0.4102387885064119,0.555450439453125,0.38451462976655754,0.6625,0.4953271028037383,1305836,2261184,652918,0.5775009906314568,0.2887504953157284
0,"(11, 14)",0.7280092592592593,0.5723384895359418,0.5608181423611112,0.3896784408338674,0.5460069444444444,0.3755223880597015,0.5608181423611112,0.3896784408338674,0.5687323676215278,0.39736269776213107,0.5883416069878472,0.4167733567130658,0.5819225311279297,0.4103601840531231,0.562164306640625,0.3909795182001486,0.67109375,0.5049970605526161,1308378,2261184,654189,0.578625180436444,0.289312590218222
0,"(12, 13)",0.7395833333333334,0.5867768595041323,0.5686848958333334,0.3973163520582215,0.5418565538194444,0.3716071661116589,0.5594618055555556,0.3883699909611329,0.5695597330729166,0.3981709311752407,0.5896470811631944,0.41808477388022025,0.5819225311279297,0.4103601840531231,0.553070068359375,0.3822369392360745,0.65,0.48148148148148145,1308546,2261184,654273,0.5786994777957035,0.28934973889785176
0,"(12, 14)",0.7465277777777778,0.5955678670360111,0.5731879340277778,0.4017263013802806,0.5466579861111112,0.37613856950873525,0.5598415798611112,0.3887361084950085,0.5708075629340278,0.3993916761173562,0.5891927083333334,0.41762805722196583,0.5814456939697266,0.40988610129199937,0.565460205078125,0.39417533558831663,0.66875,0.5023474178403756,1309594,2261184,654797,0.5791629517987037,0.28958147589935185
0,"(13, 14)",0.7523148148148148,0.6029684601113172,0.5666232638888888,0.39530658591975776,0.5429416232638888,0.37262860015266325,0.5642496744791666,0.3929998582967267,0.5710788302951388,0.39965733757943644,0.5897928873697916,0.4182313945855485,0.5815906524658203,0.41003018872998903,0.5572509765625,0.3862424909044758,0.684375,0.5201900237529691,1309826,2261184,654913,0.5792655529138717,0.28963277645693586
